<?xml version="1.0" encoding="UTF-8"?>
<project-private xmlns="http://www.netbeans.org/ns/project-private/1">
    <editor-bookmarks xmlns="http://www.netbeans.org/ns/editor-bookmarks/2" lastBookmarkId="0"/>
    <open-files xmlns="http://www.netbeans.org/ns/projectui-open-files/2">
        <group>
            <file>file:/F:/Neatbeen%20IDE/ConnectDataBase/src/Bai1.java</file>
            <file>file:/F:/Neatbeen%20IDE/ConnectDataBase/src/Frame2.java</file>
            <file>file:/F:/Neatbeen%20IDE/ConnectDataBase/src/BaiTest1.java</file>
            <file>file:/F:/Neatbeen%20IDE/ConnectDataBase/src/Frame1.java</file>
            <file>file:/F:/Neatbeen%20IDE/ConnectDataBase/src/StudentInfoApp.java</file>
            <file>file:/F:/Neatbeen%20IDE/ConnectDataBase/src/BaiTest.java</file>
            <file>file:/F:/Neatbeen%20IDE/ConnectDataBase/src/ToolBarApp.java</file>
            <file>file:/F:/Neatbeen%20IDE/ConnectDataBase/src/SplitPaneApp.java</file>
        </group>
    </open-files>
</project-private>
